epoch,steps,cos_sim-Accuracy@1,cos_sim-Accuracy@3,cos_sim-Accuracy@5,cos_sim-Accuracy@10,cos_sim-Precision@1,cos_sim-Recall@1,cos_sim-Precision@3,cos_sim-Recall@3,cos_sim-Precision@5,cos_sim-Recall@5,cos_sim-Precision@10,cos_sim-Recall@10,cos_sim-MRR@10,cos_sim-NDCG@10,cos_sim-MAP@100,dot_score-Accuracy@1,dot_score-Accuracy@3,dot_score-Accuracy@5,dot_score-Accuracy@10,dot_score-Precision@1,dot_score-Recall@1,dot_score-Precision@3,dot_score-Recall@3,dot_score-Precision@5,dot_score-Recall@5,dot_score-Precision@10,dot_score-Recall@10,dot_score-MRR@10,dot_score-NDCG@10,dot_score-MAP@100
-1,-1,0.3177570093457944,0.48598130841121495,0.5887850467289719,0.7383177570093458,0.3177570093457944,0.0794392523364486,0.16199376947040497,0.12149532710280374,0.11775700934579438,0.14719626168224298,0.07383177570093456,0.18457943925233644,0.43529891707461804,0.19776450738727214,0.11273305725595154,0.24299065420560748,0.4485981308411215,0.5327102803738317,0.6635514018691588,0.24299065420560748,0.06074766355140187,0.14953271028037382,0.11214953271028037,0.10654205607476634,0.13317757009345793,0.06635514018691588,0.1658878504672897,0.35887479602432876,0.1680676773882283,0.09405479722051686
