epoch,steps,cos_sim-Accuracy@1,cos_sim-Accuracy@3,cos_sim-Accuracy@5,cos_sim-Accuracy@10,cos_sim-Precision@1,cos_sim-Recall@1,cos_sim-Precision@3,cos_sim-Recall@3,cos_sim-Precision@5,cos_sim-Recall@5,cos_sim-Precision@10,cos_sim-Recall@10,cos_sim-MRR@10,cos_sim-NDCG@10,cos_sim-MAP@100,dot_score-Accuracy@1,dot_score-Accuracy@3,dot_score-Accuracy@5,dot_score-Accuracy@10,dot_score-Precision@1,dot_score-Recall@1,dot_score-Precision@3,dot_score-Recall@3,dot_score-Precision@5,dot_score-Recall@5,dot_score-Precision@10,dot_score-Recall@10,dot_score-MRR@10,dot_score-NDCG@10,dot_score-MAP@100
-1,-1,0.42990654205607476,0.7102803738317757,0.8317757009345794,0.9065420560747663,0.42990654205607476,0.10747663551401869,0.2367601246105919,0.17757009345794392,0.16635514018691586,0.20794392523364486,0.09065420560747661,0.2266355140186916,0.5950118676754194,0.2619651511819267,0.15038903397393638,0.411214953271028,0.719626168224299,0.8130841121495327,0.897196261682243,0.411214953271028,0.102803738317757,0.23987538940809966,0.17990654205607476,0.16261682242990652,0.20327102803738317,0.08971962616822428,0.22429906542056074,0.5733607773327403,0.25457097410305585,0.14517768260896355
